,count,mean,std,min,25%,50%,75%,max
Age,80.0,27.6875,5.017926724016099,17.0,25.0,27.0,32.0,40.0
Delivey No,80.0,1.6625,0.7946617782252724,1.0,1.0,1.0,2.0,4.0
